,road,class_name,spectral_centroid,mfcc_mean,mfcc_var,zcr,leq
0,AROUND BABA DOGO RD(1°14_51_S 36°52_26_E),PSV,1808.5039445523478,-4.736028408953214e-09,0.9999999900658926,0.07120486,0.0
1,AROUND BABA DOGO RD(1°14_51_S 36°52_26_E),SUV,1563.8939416146484,-9.772389058464942e-09,0.999999937083986,0.058083966,0.0
2,AROUND BABA DOGO RD(1°14_51_S 36°52_26_E),motorcycle,1982.722595178315,4.549107171766567e-09,0.9999999891627919,0.07185537,0.0
3,AROUND BABA DOGO RD(1°14_51_S 36°52_26_E),other,1782.622418966096,1.2031821761127048e-08,1.0000000238418578,0.06153636,0.0
4,AROUND JUNCTION MALL(1°17_57_S 36°45_49_E),PSV,1833.1463651519616,6.4641011654487105e-09,0.9999999761581421,0.06312197,0.0
5,AROUND JUNCTION MALL(1°17_57_S 36°45_49_E),SUV,1800.5211398730753,-1.056249732123149e-08,0.9999999642372132,0.06795284,0.0
6,AROUND JUNCTION MALL(1°17_57_S 36°45_49_E),bus,1484.5919323732674,-1.628731638447789e-07,0.9999999403953552,0.060602274,0.0
7,AROUND JUNCTION MALL(1°17_57_S 36°45_49_E),motorcycle,1750.6505716986444,9.094163644363107e-09,0.9999998978206089,0.06905276,0.0
8,AROUND JUNCTION MALL(1°17_57_S 36°45_49_E),other,1808.0848735290629,-1.0604082001375303e-08,0.999999962747097,0.06444744,0.0
9,AROUND LANGATA HOSPITAL (1°19_40_S 36°47_21_E),PSV,1945.2583713976462,1.931086549925946e-08,0.9999999552965164,0.08836458,0.0
10,AROUND LANGATA HOSPITAL (1°19_40_S 36°47_21_E),SUV,1781.3475811313572,-9.935598652054795e-09,0.9999999327044333,0.08353941,0.0
11,AROUND LANGATA HOSPITAL (1°19_40_S 36°47_21_E),motorcycle,1780.4189204464772,2.851517878964062e-08,0.9999999914850507,0.07408117,0.0
12,AROUND LANGATA HOSPITAL (1°19_40_S 36°47_21_E),other,2031.726324617963,-5.877295095046975e-08,0.9999999403953552,0.098477274,0.0
13,AROUND MMU (1°23_ 04_ 36°46_ 15_ E),PSV,2069.6330106416385,-3.569348705489972e-09,0.9999999925494194,0.07714347,0.0
14,AROUND MMU (1°23_ 04_ 36°46_ 15_ E),SUV,1355.4905305280345,1.5386314740813607e-08,0.9999998774793413,0.0553327,0.0
15,AROUND MMU (1°23_ 04_ 36°46_ 15_ E),bus,1884.9915711004983,-6.986218892279794e-08,0.9999998807907104,0.058977272,0.0
16,AROUND MMU (1°23_ 04_ 36°46_ 15_ E),heavy truck,2208.362597671199,-4.193118741113722e-09,0.9999999105930328,0.095494315,0.0
17,AROUND MMU (1°23_ 04_ 36°46_ 15_ E),motorcycle,1942.16830921125,2.6581337084657637e-08,0.9999998651052776,0.060433615,0.0
18,AROUND MMU (1°23_ 04_ 36°46_ 15_ E),other,1180.5962067055245,5.492637539239453e-08,0.9999998658895493,0.055566758,0.0
19,ARYA(NGARA),PSV,1871.6537040226337,-1.0026505551744929e-09,0.9999999403953552,0.062141664,73.62000000000002
20,ARYA(NGARA),SUV,1747.5740491881543,2.194744534259977e-09,0.9999999354283015,0.059098482,73.62
21,ARYA(NGARA),bus,2377.9850429976273,6.071357150361223e-08,0.9999998509883881,0.09649432,73.62
22,ARYA(NGARA),heavy truck,2216.571959826933,-1.774277649246869e-08,0.9999999403953552,0.09144659,73.62
23,ARYA(NGARA),motorcycle,1976.1085020330966,4.35945592711404e-08,0.999999894036187,0.057892673,73.62
24,ARYA(NGARA),other,2007.0544906654645,-1.4069468284860775e-08,0.999999888241291,0.07118324,73.62
25,BBS EASTLEIGH(1°16_47_S 36°50_48_E),PSV,1777.3168846260814,2.4165293025883255e-08,1.0000000049670537,0.051222537,0.0
26,BBS EASTLEIGH(1°16_47_S 36°50_48_E),SUV,1741.7078246377841,-1.894988728897336e-08,0.9999999602635702,0.047816288,0.0
27,BBS EASTLEIGH(1°16_47_S 36°50_48_E),motorcycle,1898.298834836928,1.4426670080780468e-08,0.9999999610277323,0.05725459,0.0
28,BBS EASTLEIGH(1°16_47_S 36°50_48_E),other,2009.40636513602,5.187188304286597e-08,1.0000000085149492,0.06407305,0.0
29,BEE CENTRE (1°17_01_S 36°54_02_E),PSV,2206.095033693053,-2.7480512785972777e-08,0.9999999744551522,0.07744642,0.0
30,BEE CENTRE (1°17_01_S 36°54_02_E),SUV,2007.5905378218904,-3.4145607230584574e-08,0.9999999205271403,0.07399716,0.0
31,BEE CENTRE (1°17_01_S 36°54_02_E),motorcycle,1983.1893475102931,-3.909469159924373e-09,0.9999999690938879,0.06506482,0.0
32,BEE CENTRE (1°17_01_S 36°54_02_E),other,2249.3216759637166,-3.680240305096542e-08,0.9999999105930328,0.08952273,0.0
33,CLOSE TO UHURU PARK(1°17_15_S 36°48_55_ E),PSV,1727.7461199288302,1.2198161887984801e-08,0.999999980131785,0.06358334,0.0
34,CLOSE TO UHURU PARK(1°17_15_S 36°48_55_ E),SUV,1881.3268075880387,3.2832059356938514e-08,0.9999999676431929,0.070003085,0.0
35,CLOSE TO UHURU PARK(1°17_15_S 36°48_55_ E),bicycle,1506.2948107972834,-1.752099336727042e-07,0.9999999403953552,0.06905682,0.0
36,CLOSE TO UHURU PARK(1°17_15_S 36°48_55_ E),bus,1786.9073587794194,-2.5228011679701012e-08,0.9999998807907104,0.06644318,0.0
37,CLOSE TO UHURU PARK(1°17_15_S 36°48_55_ E),motorcycle,2043.0215482505623,4.104403472648954e-08,0.9999999821186065,0.07902727,0.0
38,CLOSE TO UHURU PARK(1°17_15_S 36°48_55_ E),other,2324.684809291824,-1.885170242132972e-08,1.0000001192092896,0.088806815,0.0
39,DAVIS&SHIRTLIFF KANGUNDO RD(1°15_28_S36°55_14_E),PSV,1718.0129787522976,-2.732110564451773e-08,0.9999999821186065,0.056035228,0.0
40,DAVIS&SHIRTLIFF KANGUNDO RD(1°15_28_S36°55_14_E),SUV,1777.0348580814007,4.987384247812088e-09,1.0000000047683715,0.061344318,0.0
41,DAVIS&SHIRTLIFF KANGUNDO RD(1°15_28_S36°55_14_E),bicycle,1845.1546238876383,1.1366467322915241e-08,1.0000000894069672,0.05657102,0.0
42,DAVIS&SHIRTLIFF KANGUNDO RD(1°15_28_S36°55_14_E),motorcycle,1905.688914083133,2.3408685101422577e-08,0.9999999552965164,0.057973012,0.0
43,DAVIS&SHIRTLIFF KANGUNDO RD(1°15_28_S36°55_14_E),other,1810.2525732953518,2.7861705165221906e-08,1.0000000149011612,0.058136363,0.0
44,ICD ROAD(1°20_6_ S 36°51_38_E),PSV,1775.931663185862,3.7195145815201634e-08,0.9999999105930328,0.070551135,0.0
45,ICD ROAD(1°20_6_ S 36°51_38_E),SUV,1440.185314916988,-1.5637321011636968e-08,0.9999998840125831,0.068748616,0.0
46,ICD ROAD(1°20_6_ S 36°51_38_E),motorcycle,1614.1234333747086,-4.136901251191224e-08,0.9999999006589254,0.04899116,0.0
47,IMAARA MALL (1° 19_ 41_S 36°52_49_E),PSV,1696.7855692159626,1.3384707902019955e-08,0.9999999380111695,0.06473932,0.0
48,IMAARA MALL (1° 19_ 41_S 36°52_49_E),SUV,1509.0969133781077,1.697269179522386e-08,0.999999913904402,0.061026514,0.0
49,IMAARA MALL (1° 19_ 41_S 36°52_49_E),motorcycle,1882.7050932976367,-6.681264753570883e-08,0.999999924139543,0.07391942,0.0
50,IMAARA MALL (1° 19_ 41_S 36°52_49_E),other,2014.1442947416633,-3.312909383860566e-08,0.9999999701976776,0.08307386,0.0
51,JEVANJEE MOI AVENUE (1° 16_ 51_ S 36°49_ 13_ E),PSV,1925.3281691461173,6.908494221136152e-09,0.999999965940203,0.07348944,0.0
52,JEVANJEE MOI AVENUE (1° 16_ 51_ S 36°49_ 13_ E),SUV,1910.219455704681,-8.699506075515728e-09,0.9999999785423279,0.075085,0.0
53,JEVANJEE MOI AVENUE (1° 16_ 51_ S 36°49_ 13_ E),motorcycle,1910.6292523081358,-5.35979823486817e-09,0.9999999602635702,0.07735653,0.0
54,JOGOO ROAD(1°17_49_S 36°52_29_E),PSV,1239.207341458317,-8.316927443037988e-09,0.9999999056259791,0.03955303,0.0
55,JOGOO ROAD(1°17_49_S 36°52_29_E),SUV,1129.1193837375552,-2.42043904235673e-08,0.9999999174704919,0.03651661,0.0
56,JOGOO ROAD(1°17_49_S 36°52_29_E),motorcycle,934.3158050671558,2.3472215578597872e-08,0.9999999105930328,0.027096592,0.0
57,JOGOO ROAD(1°17_49_S 36°52_29_E),other,879.2084257723625,-7.873357565912898e-09,0.9999998897314072,0.029118467,0.0
58,KANGEMI (1°15_ 52_S 36°44_ 40_E),PSV,1876.3835838254693,-2.344818986088626e-08,0.9999999618530273,0.071700454,0.0
59,KANGEMI (1°15_ 52_S 36°44_ 40_E),SUV,1772.7978915490262,2.736268971403888e-08,0.9999999403953552,0.077485226,0.0
60,KANGEMI (1°15_ 52_S 36°44_ 40_E),heavy truck,1845.475213873302,-3.908955648057599e-08,0.9999999105930328,0.06952272,0.0
61,KANGEMI (1°15_ 52_S 36°44_ 40_E),motorcycle,1901.963981719592,-2.003917393504177e-08,0.9999999880790711,0.0738822,0.0
62,KANGEMI (1°15_ 52_S 36°44_ 40_E),other,1650.662541099084,6.2839025834667455e-09,0.9999998410542806,0.06603788,0.0
63,KAREN C SCHOOL (1°20_19_S 36°44_27_E),PSV,2111.8135067834237,-4.274900575751417e-08,0.9999999463558197,0.07436705,0.0
64,KAREN C SCHOOL (1°20_19_S 36°44_27_E),SUV,2011.0704165402294,6.246664670495715e-08,0.9999999544199776,0.078741975,0.0
65,KAREN C SCHOOL (1°20_19_S 36°44_27_E),bus,2006.776293902795,-2.0330266655340285e-08,1.0000000198682149,0.07305303,0.0
66,KAREN C SCHOOL (1°20_19_S 36°44_27_E),motorcycle,2092.1731891586783,2.599039734944726e-08,0.9999999376860532,0.07557361,0.0
67,KAREN C SCHOOL (1°20_19_S 36°44_27_E),other,1698.1541709668918,7.318895711705409e-08,0.9999998807907104,0.05818182,0.0
68,KAWANGWARE (1°17_09_ S 36°44_21_E),PSV,2516.5741473275607,2.5917437085354322e-09,1.0000000094112598,0.096069075,0.0
69,KAWANGWARE (1°17_09_ S 36°44_21_E),bicycle,2474.319933788148,-6.48720313023432e-08,1.0,0.105221584,0.0
70,KAWANGWARE (1°17_09_ S 36°44_21_E),bus,2265.375150988226,-1.4554624172546937e-09,1.0,0.08991477,0.0
71,KAWANGWARE (1°17_09_ S 36°44_21_E),motorcycle,2394.792811877553,1.3129655727084355e-08,1.0000000023841857,0.094916366,0.0
72,KAWANGWARE (1°17_09_ S 36°44_21_E),other,2628.089212219515,-1.6818674453134008e-08,0.999999980131785,0.11137121,0.0
73,KCB UTAWALA EASTERN BYPASS(1°17_04_S 36°57_25_E),SUV,2443.793434179712,1.4166499795464915e-07,0.9999998211860657,0.11413636,0.0
74,KCB UTAWALA EASTERN BYPASS(1°17_04_S 36°57_25_E),bicycle,2015.604964282403,-2.7168627643921656e-08,0.9999999602635702,0.071293555,0.0
75,KCB UTAWALA EASTERN BYPASS(1°17_04_S 36°57_25_E),bus,1481.6576165499541,-1.7631884929869557e-07,0.9999998807907104,0.04940909,0.0
76,KCB UTAWALA EASTERN BYPASS(1°17_04_S 36°57_25_E),motorcycle,1659.4541518653884,9.668427863873674e-09,0.9999999199062586,0.061745204,0.0
77,KCB UTAWALA EASTERN BYPASS(1°17_04_S 36°57_25_E),other,4040.7658458666965,4.435694478388541e-09,0.9999999403953552,0.26104546,0.0
78,KCB UTAWALA EASTERN BYPASS(1°17_04_S 36°57_25_E),private car,1568.728892626043,-3.3110191114102155e-08,0.9999999133023348,0.062138427,0.0
79,KFC EMBAKASI (1°19_05_S 36°55_02_E),PSV,1731.8330656775806,2.66661481923558e-08,0.9999998956918716,0.077721596,0.0
80,KFC EMBAKASI (1°19_05_S 36°55_02_E),SUV,1630.0861065139304,4.2254611069362604e-08,0.9999999006589254,0.07852652,0.0
81,KFC EMBAKASI (1°19_05_S 36°55_02_E),bicycle,1626.8213909175447,7.318895711705409e-08,0.9999999403953552,0.05103409,0.0
82,KFC EMBAKASI (1°19_05_S 36°55_02_E),bus,1609.5332143946737,1.1089236195971353e-08,0.9999998807907104,0.07165909,0.0
83,KFC EMBAKASI (1°19_05_S 36°55_02_E),motorcycle,1716.803066805102,9.663476495193533e-09,0.9999999489103045,0.06536526,0.0
84,KFC EMBAKASI (1°19_05_S 36°55_02_E),other,891.8001055562735,0.0,0.9999998211860657,0.035761364,0.0
85,KFC EMBAKASI (1°19_05_S 36°55_02_E),pickup,1979.325777467717,2.8000321764902008e-08,0.9999999602635702,0.09182197,0.0
86,KFC EMBAKASI (1°19_05_S 36°55_02_E),private car,1651.2261519998594,4.053988585157926e-08,0.9999998874134488,0.07762942,0.0
87,KIAMBU ROAD (1°12_28_ S 36°49_56_E),PSV,1975.3634243868114,-1.599622283521285e-08,0.9999999403953552,0.08096023,0.0
88,KIAMBU ROAD (1°12_28_ S 36°49_56_E),SUV,1976.2315107355796,-4.596488452079939e-08,0.9999999165534973,0.0841466,0.0
89,KIAMBU ROAD (1°12_28_ S 36°49_56_E),bicycle,2801.5685669926975,-9.314958759887304e-08,0.9999998807907104,0.11317045,0.0
90,KIAMBU ROAD (1°12_28_ S 36°49_56_E),motorcycle,1946.299644995757,5.2913780024255175e-09,0.9999999128855191,0.076381996,0.0
91,KIAMBU ROAD (1°12_28_ S 36°49_56_E),pickup,2131.5894915216395,-5.8634335386997805e-08,0.9999998907248179,0.08709849,0.0
92,KIAMBU ROAD (1°12_28_ S 36°49_56_E),private car,1957.451972896622,1.8743890291735472e-08,0.9999999271498786,0.087871216,0.0
93,KIAMBU ROAD (1°13_45_S 36°50_26_E),PSV,1890.5786899366567,4.265090844604367e-09,0.9999999220554645,0.07937675,0.0
94,KIAMBU ROAD (1°13_45_S 36°50_26_E),SUV,1655.0560934702046,1.420808359853254e-08,1.0,0.07102273,0.0
95,KIAMBU ROAD (1°13_45_S 36°50_26_E),motorcycle,2237.9209808205646,-1.3861607286839097e-10,0.9999999439015108,0.09023663,0.0
96,KIAMBU ROAD (1°13_45_S 36°50_26_E),pickup,2193.697056986277,-3.6964102889669448e-09,0.9999999403953552,0.091874994,0.0
97,KIAMBU ROAD (1°13_45_S 36°50_26_E),private car,1863.780223327281,-2.9411504491131762e-08,0.9999999238385094,0.08517771,0.0
98,KINOO (1° 15_ 23_ S 36° 41_ 49_),PSV,1649.8618636324584,-3.5643993576800745e-10,0.9999998864673433,0.0803152,0.0
99,KINOO (1° 15_ 23_ S 36° 41_ 49_),SUV,1584.1685287297444,8.206034844230696e-08,0.9999998807907104,0.07160985,0.0
100,KINOO (1° 15_ 23_ S 36° 41_ 49_),bicycle,681.3981577763631,1.6855639728419192e-07,0.9999998211860657,0.031477273,0.0
101,KINOO (1° 15_ 23_ S 36° 41_ 49_),motorcycle,1663.9297220265375,-4.3315462328052945e-11,0.9999998770654202,0.0699304,0.0
102,KINOO (1° 15_ 23_ S 36° 41_ 49_),pickup,1196.877339269903,5.174977187512771e-09,0.9999998807907104,0.06037879,0.0
103,KINOO (1° 15_ 23_ S 36° 41_ 49_),private car,1379.7988925756188,-5.092385155225365e-08,0.9999998807907104,0.06448296,0.0
104,LANGATA LINK 1°19_19_S  36°47_01_E,PSV,1854.1206182144806,3.4307334195737837e-09,0.9999998956918716,0.0754169,0.0
105,LANGATA LINK 1°19_19_S  36°47_01_E,SUV,1887.756746666885,-4.380248223393816e-08,0.9999998509883881,0.08143371,0.0
106,LANGATA LINK 1°19_19_S  36°47_01_E,bicycle,1138.4942116509826,-5.877295331894553e-08,0.9999999006589254,0.046007574,0.0
107,LANGATA LINK 1°19_19_S  36°47_01_E,motorcycle,1826.1670135526506,-9.096640107841836e-10,0.999999888241291,0.06835618,0.0
108,LANGATA LINK 1°19_19_S  36°47_01_E,private car,1613.9347416686796,-9.77238872046371e-09,0.9999999582767487,0.06420113,0.0
109,LIKONI RD (1°17_55_S 36°50_14_E),PSV,2084.42345180709,-4.130740431188921e-08,0.9999999304612478,0.0778215,0.0
110,LIKONI RD (1°17_55_S 36°50_14_E),SUV,2142.095937188779,2.301016621686358e-08,0.9999999552965164,0.07747728,0.0
111,LIKONI RD (1°17_55_S 36°50_14_E),motorcycle,2021.7290671157798,2.4835267472174866e-09,0.9999999701976776,0.071364395,0.0
112,LIKONI RD (1°17_55_S 36°50_14_E),other,1901.9071634814263,-5.544618986164096e-09,1.0000000596046448,0.07127841,0.0
113,LIKONI RD (1°17_55_S 36°50_14_E),pickup,2050.6857607430284,5.211941100924378e-08,1.0,0.075988635,0.0
114,LIKONI RD (1°17_55_S 36°50_14_E),private car,1998.3841690424736,3.814697162596303e-08,0.9999999880790711,0.077845454,0.0
115,MAKONGENI SHOPPINGCTR RUAI(1°16_38_S 37°01_43_E),PSV,1688.0123768841377,-5.8110677208449914e-08,0.9999998807907104,0.07152336,0.0
116,MAKONGENI SHOPPINGCTR RUAI(1°16_38_S 37°01_43_E),SUV,1629.9214967426624,-6.339346899271921e-08,0.9999999006589254,0.08067802,0.0
117,MAKONGENI SHOPPINGCTR RUAI(1°16_38_S 37°01_43_E),bicycle,1427.8266092230758,-5.877295095046975e-08,0.9999998807907104,0.04465909,0.0
118,MAKONGENI SHOPPINGCTR RUAI(1°16_38_S 37°01_43_E),motorcycle,1792.1593765450018,-4.5869113759780785e-09,0.9999998753721063,0.072152376,0.0
119,MAKONGENI SHOPPINGCTR RUAI(1°16_38_S 37°01_43_E),pickup,1657.5168587226628,-4.906986994512863e-08,0.9999999006589254,0.07004924,0.0
120,MAKONGENI SHOPPINGCTR RUAI(1°16_38_S 37°01_43_E),private car,1538.1855067011657,2.2239116631572742e-08,0.9999998807907104,0.06839844,0.0
121,NGONG ROAD (1° 18_ 22_S 36° 44_ 24_E),PSV,2053.42616601025,-1.8452162673638134e-08,0.999999908839955,0.0907647,0.0
122,NGONG ROAD (1° 18_ 22_S 36° 44_ 24_E),SUV,2021.3392957112535,5.693134776306254e-08,0.9999999233654567,0.09510227,0.0
123,NGONG ROAD (1° 18_ 22_S 36° 44_ 24_E),motorcycle,2371.1233581168867,-1.297945185673267e-09,0.9999998970465227,0.1045408,0.0
124,NGONG ROAD (1° 18_ 22_S 36° 44_ 24_E),other,1872.474869882563,-4.019848054426234e-08,0.9999999850988388,0.07221023,0.0
125,NGONG ROAD (1° 18_ 22_S 36° 44_ 24_E),pickup,1706.2606134846296,9.980312576374217e-09,0.9999999403953552,0.07351136,0.0
126,NGONG ROAD (1° 18_ 22_S 36° 44_ 24_E),private car,2089.1607203353383,1.4957867429514368e-08,0.9999999512325634,0.0878843,0.0
127,NORTHERN BYPASS (1°11_50_ S 36°53_57_E),PSV,1581.49394342339,-1.8336845185120054e-08,0.9999998893056598,0.07110714,0.0
128,NORTHERN BYPASS (1°11_50_ S 36°53_57_E),SUV,1704.2891697492078,-2.772315710330986e-10,0.9999998733401299,0.08108665,0.0
129,NORTHERN BYPASS (1°11_50_ S 36°53_57_E),bicycle,1342.609081641396,-5.544618986164096e-09,0.9999998509883881,0.05349432,0.0
130,NORTHERN BYPASS (1°11_50_ S 36°53_57_E),heavy truck,1979.4042776258686,-1.9406163342949867e-08,0.9999998509883881,0.071125,0.0
131,NORTHERN BYPASS (1°11_50_ S 36°53_57_E),motorcycle,2094.917892634386,-5.099069484109415e-09,0.9999999020780835,0.08772727,0.0
132,NORTHERN BYPASS (1°11_50_ S 36°53_57_E),other,1715.5789631583514,-1.045556454114051e-08,0.9999999403953552,0.07356168,0.0
133,NORTHERN BYPASS (1°11_50_ S 36°53_57_E),pickup,2280.6699653212227,2.617059635667829e-08,0.9999998688697815,0.10014318,0.0
134,NORTHERN BYPASS (1°11_50_ S 36°53_57_E),private car,1718.4303637996204,-4.8713430749509305e-08,0.9999999403953552,0.08141639,0.0
135,NORTHERN BYPASS(1°09_38_S 36°55_19_E),PSV,1486.6279209654424,-3.5021193767192924e-08,0.999999874830246,0.060403407,0.0
136,NORTHERN BYPASS(1°09_38_S 36°55_19_E),SUV,1816.377978316979,2.77230913781068e-08,1.0,0.08389205,0.0
137,NORTHERN BYPASS(1°09_38_S 36°55_19_E),bicycle,2787.49447169258,-9.204065776202697e-08,0.9999999403953552,0.08413637,0.0
138,NORTHERN BYPASS(1°09_38_S 36°55_19_E),motorcycle,1705.687663232909,1.76873315105297e-08,0.999999874830246,0.068049714,0.0
139,NORTHERN BYPASS(1°09_38_S 36°55_19_E),other,2330.0827705662914,2.6614165982152826e-08,0.9999999105930328,0.07923864,0.0
140,NORTHERN BYPASS(1°09_38_S 36°55_19_E),pickup,1648.3431466344991,8.377918057078659e-08,0.9999998569488525,0.067061365,0.0
141,NORTHERN BYPASS(1°09_38_S 36°55_19_E),private car,1396.46383539271,6.111681665805174e-09,0.9999998753721063,0.062927686,0.0
142,NYAYO LA RD (1°18_20_ S 36°49_21_E),PSV,2082.033451932524,2.4225715860709968e-08,0.9999999174704919,0.083078235,0.0
143,NYAYO LA RD (1°18_20_ S 36°49_21_E),SUV,2337.1556430474125,3.555486127737595e-08,0.9999998807907104,0.09785511,0.0
144,NYAYO LA RD (1°18_20_ S 36°49_21_E),bicycle,2736.6599506932057,-8.3862346400565e-08,0.9999999105930328,0.09935795,0.0
145,NYAYO LA RD (1°18_20_ S 36°49_21_E),motorcycle,2176.096993594746,-3.9505403886468884e-08,0.9999999006589254,0.08896338,0.0
146,NYAYO LA RD (1°18_20_ S 36°49_21_E),other,2760.808922807406,6.265418317497051e-08,0.9999998509883881,0.10267614,0.0
147,NYAYO LA RD (1°18_20_ S 36°49_21_E),pickup,1542.4728879403651,-1.1643697916952078e-07,0.9999999403953552,0.048397727,0.0
148,NYAYO LA RD (1°18_20_ S 36°49_21_E),private car,1961.2362911711746,4.868320623822791e-08,0.9999999184357492,0.08290969,0.0
149,OLA ENERGY WAIYAKI WAY(1° 15_ 33_S 36°46_ 47_E),PSV,2020.9634535810405,4.820785504122682e-08,0.9999999329447746,0.08439915,0.0
150,OLA ENERGY WAIYAKI WAY(1° 15_ 33_S 36°46_ 47_E),SUV,1933.543118317972,-6.757504555920946e-09,0.9999999478459358,0.09262642,0.0
151,OLA ENERGY WAIYAKI WAY(1° 15_ 33_S 36°46_ 47_E),motorcycle,2266.6498193184325,-6.580768685537919e-08,0.9999998807907104,0.0919304,0.0
152,OLA ENERGY WAIYAKI WAY(1° 15_ 33_S 36°46_ 47_E),other,1734.2453854432297,-1.1227851648420994e-08,0.9999999403953552,0.08023012,0.0
153,OLA ENERGY WAIYAKI WAY(1° 15_ 33_S 36°46_ 47_E),pickup,2266.2901737415987,2.772306828546789e-10,0.9999999403953552,0.11117613,0.0
154,OLA ENERGY WAIYAKI WAY(1° 15_ 33_S 36°46_ 47_E),private car,1948.1746570262676,5.498412984176563e-09,0.9999999006589254,0.088689126,0.0
155,OPP. KU HOSPITAL (1°10_34_ S 36°54_47_E),PSV,1812.660916351985,6.858577002629336e-09,0.9999999652306238,0.0775786,0.0
156,OPP. KU HOSPITAL (1°10_34_ S 36°54_47_E),bicycle,1216.8859098868602,-3.437663025351867e-08,0.9999998807907104,0.046636365,0.0
157,OPP. KU HOSPITAL (1°10_34_ S 36°54_47_E),motorcycle,1822.0549699626376,2.510145077301875e-08,0.9999999352123426,0.071165755,0.0
158,OPP. KU HOSPITAL (1°10_34_ S 36°54_47_E),other,896.3721161422712,-3.6040017192817686e-08,0.9999998807907104,0.033431817,0.0
159,OPP. KU HOSPITAL (1°10_34_ S 36°54_47_E),pickup,1883.0490392635409,-4.144601994937602e-08,1.0000001192092896,0.08051136,0.0
160,OPP. KU HOSPITAL (1°10_34_ S 36°54_47_E),private car,1597.5331919088578,-4.665796193847882e-08,0.9999999821186065,0.06566932,0.0
161,QUALITY MEAT PACKERS(1°15_10_S 36°57_34_E),PSV,2056.6058625253404,8.514958896707217e-10,0.9999999574252537,0.08355357,0.0
162,QUALITY MEAT PACKERS(1°15_10_S 36°57_34_E),SUV,1843.667289577024,-4.435694478388541e-09,0.9999999403953552,0.05090341,0.0
163,QUALITY MEAT PACKERS(1°15_10_S 36°57_34_E),bicycle,2618.4849015516834,5.9604645663569045e-09,1.0,0.08242045,0.0
164,QUALITY MEAT PACKERS(1°15_10_S 36°57_34_E),medium truck,2137.799276946499,3.607082139151569e-08,0.9999999337726169,0.08057323,0.0
165,QUALITY MEAT PACKERS(1°15_10_S 36°57_34_E),motorcycle,1901.6798140897222,3.488489312234814e-09,0.9999999503294627,0.06565057,0.0
166,QUALITY MEAT PACKERS(1°15_10_S 36°57_34_E),other,1803.0772948030904,-2.7010210702980786e-08,0.9999999489103045,0.06357793,0.0
167,QUALITY MEAT PACKERS(1°15_10_S 36°57_34_E),pickup,1402.577673505918,8.316927146978514e-09,0.9999999701976776,0.045051135,0.0
168,QUALITY MEAT PACKERS(1°15_10_S 36°57_34_E),private car,1543.919128048627,-7.95751705798661e-08,0.9999998893056598,0.06011526,0.0
169,RAILAODINGA RD NXT TOTOTAL (1°18_48_S36°48_45_E),PSV,1855.011038981842,5.9565039757712516e-08,0.9999998978206089,0.07756331,0.0
170,RAILAODINGA RD NXT TOTOTAL (1°18_48_S36°48_45_E),SUV,1940.5437150056766,-1.060408233444221e-08,0.999999925494194,0.08771591,0.0
171,RAILAODINGA RD NXT TOTOTAL (1°18_48_S36°48_45_E),motorcycle,2101.2495402067593,-2.573049373566505e-08,0.9999998956918716,0.0886804,0.0
172,RAILAODINGA RD NXT TOTOTAL (1°18_48_S36°48_45_E),private car,1799.3943029821723,3.314765736498312e-08,0.9999999063355582,0.08616132,0.0
173,RUAKA (1°12_01_ S 36°47_05_E),PSV,2166.5395070073832,1.5247700879683634e-08,0.9999998807907104,0.099252835,0.0
174,RUAKA (1°12_01_ S 36°47_05_E),SUV,2529.007884052967,2.550524325073411e-08,0.9999998509883881,0.13819318,0.0
175,RUAKA (1°12_01_ S 36°47_05_E),medium truck,2685.194194425532,-8.095142334241245e-08,0.9999998211860657,0.090875,0.0
176,RUAKA (1°12_01_ S 36°47_05_E),motorcycle,2146.2072969901383,5.336694850738615e-09,0.9999998948153328,0.07671591,0.0
177,RUAKA (1°12_01_ S 36°47_05_E),pickup,2121.775141227385,-3.770340484265944e-08,0.9999999403953552,0.082727276,0.0
178,RUAKA (1°12_01_ S 36°47_05_E),private car,2092.167697954294,-2.394967019764888e-08,0.9999999161119815,0.09058691,0.0
179,RUNDA (1°12_59_S 36°49_34_E),PSV,1517.3290122947258,2.550524413891253e-08,0.9999999105930328,0.055079546,0.0
180,RUNDA (1°12_59_S 36°49_34_E),SUV,2108.5149189244453,2.9016834860821444e-08,0.9999999602635702,0.066374995,0.0
181,RUNDA (1°12_59_S 36°49_34_E),motorcycle,1955.0266328049681,3.67908530307659e-08,0.9999999304612478,0.06793182,0.0
182,RUNDA (1°12_59_S 36°49_34_E),other,1794.817811835009,-4.262425079559762e-09,0.999999925494194,0.07280682,0.0
183,RUNDA (1°12_59_S 36°49_34_E),private car,1673.4502489732936,-5.448355100412527e-10,0.9999999288055632,0.061582547,0.0
184,SOUTHERN BYPASS (1° 18_ 14_ S 36° 42_ 30_E),PSV,1602.3245277231265,-1.848231197717117e-10,0.9999999403953552,0.059670452,0.0
185,SOUTHERN BYPASS (1° 18_ 14_ S 36° 42_ 30_E),SUV,1752.8172094216668,-3.0472296389897714e-08,0.9999999304612478,0.08043087,0.0
186,SOUTHERN BYPASS (1° 18_ 14_ S 36° 42_ 30_E),bicycle,870.8406230038108,-1.885170064497288e-08,0.9999998807907104,0.032625,0.0
187,SOUTHERN BYPASS (1° 18_ 14_ S 36° 42_ 30_E),medium truck,1635.104144225099,-1.4381351665093689e-08,0.9999999552965164,0.06636363,0.0
188,SOUTHERN BYPASS (1° 18_ 14_ S 36° 42_ 30_E),motorcycle,1741.4184269892892,-4.5313391261458946e-08,0.9999999403953552,0.0603875,0.0
189,SOUTHERN BYPASS (1° 18_ 14_ S 36° 42_ 30_E),other,2018.7017467519768,-4.664410013788256e-08,0.9999999105930328,0.10979545,0.0
190,SOUTHERN BYPASS (1° 18_ 14_ S 36° 42_ 30_E),pickup,1591.0857251060154,2.77230913781068e-08,0.9999998807907104,0.059625,0.0
191,SOUTHERN BYPASS (1° 18_ 14_ S 36° 42_ 30_E),private car,1638.7636424406428,1.6700389728896424e-08,0.9999999284744263,0.06296091,0.0
192,SOUTHERN BYPASS (1°17_45_ S 36°41_27_E),PSV,1643.3799555224964,-4.072213884616834e-08,0.9999999470180936,0.07471212,0.0
193,SOUTHERN BYPASS (1°17_45_ S 36°41_27_E),SUV,1567.7874879889457,1.5980380955024235e-08,0.9999998978206089,0.07437663,0.0
194,SOUTHERN BYPASS (1°17_45_ S 36°41_27_E),bicycle,1412.7596599373821,5.54461827562136e-08,0.9999998410542806,0.058340907,0.0
195,SOUTHERN BYPASS (1°17_45_ S 36°41_27_E),medium truck,1927.153511004731,-7.180280370278069e-08,0.9999999403953552,0.095409095,0.0
196,SOUTHERN BYPASS (1°17_45_ S 36°41_27_E),motorcycle,1498.3775213846932,3.222810462943926e-09,0.9999999105930328,0.0541804,0.0
197,SOUTHERN BYPASS (1°17_45_ S 36°41_27_E),pickup,1017.6161329121087,6.65354207285418e-08,0.9999998807907104,0.042943183,0.0
198,SOUTHERN BYPASS (1°17_45_ S 36°41_27_E),private car,1546.6657049807877,1.1610430448172338e-08,0.9999999070167541,0.07522159,0.0
199,THIKA ROAD (1°10_58_S 36°56_13_E),PSV,1717.0191682678033,-2.3443338909023836e-08,0.9999999366700649,0.07434127,0.0
200,THIKA ROAD (1°10_58_S 36°56_13_E),SUV,1840.533230320332,-2.1485394796627588e-08,0.9999999552965164,0.08200568,0.0
201,THIKA ROAD (1°10_58_S 36°56_13_E),medium truck,1901.2020995120997,-6.209972269743957e-08,0.9999999403953552,0.08202273,0.0
202,THIKA ROAD (1°10_58_S 36°56_13_E),motorcycle,1979.7039382286152,4.579854557817953e-08,0.9999998688697815,0.080486365,0.0
203,THIKA ROAD (1°10_58_S 36°56_13_E),private car,1656.4411786259254,-4.870947449830965e-09,0.9999999117851257,0.08435045,0.0
204,THIKA ROAD (1°13_28_S 36°53_12_E),PSV,1738.8474378314506,1.0705377712510584e-08,0.9999999449803278,0.07846416,0.0
205,THIKA ROAD (1°13_28_S 36°53_12_E),SUV,1723.8907079033659,2.365703662595327e-08,0.9999998807907104,0.08041287,0.0
206,THIKA ROAD (1°13_28_S 36°53_12_E),medium truck,1789.7721365410218,5.84783954593604e-08,0.999999925494194,0.07377557,0.0
207,THIKA ROAD (1°13_28_S 36°53_12_E),motorcycle,1937.6411631631267,-4.565068027299428e-09,0.9999999006589254,0.07567879,0.0
208,THIKA ROAD (1°13_28_S 36°53_12_E),private car,1771.710234405784,-1.2723439845567435e-08,0.9999998933390567,0.08148355,0.0
209,THIKA ROAD PANGANI(1°15_55_S 36°50_08_E),PSV,1952.26669040124,-6.857133749704758e-09,0.9999999441206455,0.06807671,0.0
210,THIKA ROAD PANGANI(1°15_55_S 36°50_08_E),SUV,1581.5414367372239,-4.1030173036915585e-08,0.9999998211860657,0.04809659,0.0
211,THIKA ROAD PANGANI(1°15_55_S 36°50_08_E),bicycle,1161.219295178618,4.435694478388541e-09,1.0000001192092896,0.038670454,0.0
212,THIKA ROAD PANGANI(1°15_55_S 36°50_08_E),light truck,1727.024251173094,-4.934710062798331e-08,0.9999998807907104,0.051477276,0.0
213,THIKA ROAD PANGANI(1°15_55_S 36°50_08_E),medium truck,1558.6777866557165,9.841696346768458e-09,0.999999925494194,0.05524432,0.0
214,THIKA ROAD PANGANI(1°15_55_S 36°50_08_E),motorcycle,1826.8237014084282,-8.808381660427049e-09,0.9999999349767511,0.05460227,0.0
215,THIKA ROAD PANGANI(1°15_55_S 36°50_08_E),pickup,1473.1005121747132,4.5465869291660965e-08,0.9999999105930328,0.056883525,0.0
216,THIKA ROAD PANGANI(1°15_55_S 36°50_08_E),private car,1585.55870763152,4.8683726764206115e-08,1.0000000042574746,0.053541396,0.0
217,THOME(1°12_36_S 36°52_35_E),PSV,2134.6623657624964,-6.919683528394672e-08,0.9999999284744263,0.099800006,0.0
218,THOME(1°12_36_S 36°52_35_E),SUV,1673.1004113597016,9.446642490473778e-09,0.9999998986721039,0.07403637,0.0
219,THOME(1°12_36_S 36°52_35_E),light truck,1724.017001552977,6.972357269319218e-08,0.999999925494194,0.064758524,0.0
220,THOME(1°12_36_S 36°52_35_E),motorcycle,1875.8023401803282,-1.716059312428797e-08,0.999999862909317,0.07426023,0.0
221,THOME(1°12_36_S 36°52_35_E),pickup,1914.9572600598876,-6.043633504759782e-08,0.9999999105930328,0.086363636,0.0
222,THOME(1°12_36_S 36°52_35_E),private car,1536.9863186653363,-1.3061355794909767e-08,0.9999998997558247,0.07240832,0.0
223,TOTAL ENERGIES OUTERING (1°16_10_ S 36°52_49_E),PSV,1491.2124742594992,-3.304988428963286e-08,0.9999999276229313,0.05964651,0.0
224,TOTAL ENERGIES OUTERING (1°16_10_ S 36°52_49_E),SUV,1627.8095549172663,3.084194055702483e-08,0.9999998509883881,0.07001136,0.0
225,TOTAL ENERGIES OUTERING (1°16_10_ S 36°52_49_E),light truck,1540.5474166420158,-1.4277392601513839e-08,0.9999999105930328,0.06340909,0.0
226,TOTAL ENERGIES OUTERING (1°16_10_ S 36°52_49_E),medium truck,2144.9957526903722,5.54461827562136e-08,0.9999998807907104,0.096022725,0.0
227,TOTAL ENERGIES OUTERING (1°16_10_ S 36°52_49_E),motorcycle,1986.805748819663,2.0357569730965575e-08,0.9999999133023348,0.062401857,0.0
228,TOTAL ENERGIES OUTERING (1°16_10_ S 36°52_49_E),pickup,2009.385751921896,3.604003762092134e-09,0.9999998658895493,0.071255684,0.0
229,TOTAL ENERGIES OUTERING (1°16_10_ S 36°52_49_E),private car,1499.0112422317393,1.7326923229532554e-09,0.9999999068677425,0.05831392,0.0
230,WINNERS CHAPEL(LIKONI RD) (1°19_20_S 36°50_55_E),PSV,1914.8461497710591,-3.575816585055236e-08,0.9999999403953552,0.06764205,0.0
231,WINNERS CHAPEL(LIKONI RD) (1°19_20_S 36°50_55_E),SUV,1692.6997209561205,-1.6010083037087952e-08,0.9999998956918716,0.06722159,0.0
232,WINNERS CHAPEL(LIKONI RD) (1°19_20_S 36°50_55_E),bicycle,1762.9797953109435,8.871388956777082e-09,0.9999998509883881,0.06409091,0.0
233,WINNERS CHAPEL(LIKONI RD) (1°19_20_S 36°50_55_E),light truck,1917.996361462052,3.336300702372341e-08,0.9999999403953552,0.073705964,0.0
234,WINNERS CHAPEL(LIKONI RD) (1°19_20_S 36°50_55_E),medium truck,1986.0987620538826,4.85154082833598e-08,0.9999999403953552,0.07187878,0.0
235,WINNERS CHAPEL(LIKONI RD) (1°19_20_S 36°50_55_E),motorcycle,2034.0749093818736,-3.0693263803576494e-10,0.9999999318804059,0.06612662,0.0
236,WINNERS CHAPEL(LIKONI RD) (1°19_20_S 36°50_55_E),pickup,2061.4845947607287,6.265418761586261e-08,0.9999999403953552,0.07842045,0.0
237,WINNERS CHAPEL(LIKONI RD) (1°19_20_S 36°50_55_E),private car,1839.90190267274,-4.756715377141063e-08,0.9999999349767511,0.07264049,0.0
